<FluentXMLReport>
<version>
Fluent
Version: 2d, dp, pbns, sstkw (2d, double precision, pressure-based, SST k-omega)
Release: 22.1.0
Title: 
</version>

<Models>

Models
------

   Model                        Settings                       
   ---------------------------------------------------------
   Space                        2D                             
   Time                         Steady                         
   Viscous                      SST k-omega turbulence model   
   Heat Transfer                Disabled                       
   Solidification and Melting   Disabled                       
   Species                      Disabled                       
   Coupled Dispersed Phase      Disabled                       
   NOx Pollutants               Disabled                       
   SOx Pollutants               Disabled                       
   Soot                         Disabled                       
   Mercury Pollutants           Disabled                       
   Structure                    Disabled                       
   Acoustics                    Disabled                       
   Eulerian Wall Film           Disabled                       
   Potential/Li-ion Battery     Disabled                       
   Multiphase                   Disabled                       

</Models>

<MaterialProperties>
Material Properties
-------------------

   Material: air (fluid)

      Property                        Units      Method     Value(s)     
      ----------------------------------------------------------------
      Density                         kg/m^3     constant   1.225        
      Cp (Specific Heat)              J/(kg K)   constant   1006.43      
      Thermal Conductivity            W/(m K)    constant   0.0242       
      Viscosity                       kg/(m s)   constant   1.7894e-05   
      Molecular Weight                kg/kmol    constant   28.966       
      Thermal Expansion Coefficient   K^-1       constant   0            
      Speed of Sound                  m/s        none       #f           

   Material: aluminum (solid)

      Property               Units      Method     Value(s)   
      -----------------------------------------------------
      Density                kg/m^3     constant   2719       
      Cp (Specific Heat)     J/(kg K)   constant   871        
      Thermal Conductivity   W/(m K)    constant   202.4      

</MaterialProperties>

<CellZoneConditions>
Cell Zone Conditions
--------------------

   Zones

      name           id   type    
      -------------------------
      surface_body   2    fluid   

   Setup Conditions

      surface_body

         Condition       Value   
         ---------------------
         Frame Motion?   no      

</CellZoneConditions>

<BoundaryConditions>
Boundary Conditions
-------------------

   Zones

      name           id   type              
      -----------------------------------
      inlet          5    velocity-inlet    
      outlet         6    pressure-outlet   
      domain_walls   7    wall              
      airfoil        8    wall              

   Setup Conditions

      inlet

         Condition                  Value   
         --------------------------------
         Velocity Magnitude [m/s]   10      

      outlet

         Condition   Value   
         -----------------

      domain_walls

         Condition                  Value             
         ------------------------------------------
         Wall Motion                Stationary Wall   
         Shear Boundary Condition   Specified Shear   
         Wall Surface Roughness     0                 

      airfoil

         Condition                  Value             
         ------------------------------------------
         Wall Motion                Stationary Wall   
         Shear Boundary Condition   No Slip           
         Wall Surface Roughness     0                 

</BoundaryConditions>

<SolverSettings>
Solver Settings
---------------

   Equations

      Equation     Solved   
      -------------------
      Flow         yes      
      Turbulence   yes      

   Numerics

      Numeric                         Enabled   
      ---------------------------------------
      Absolute Velocity Formulation   yes       

   Pseudo Time Explicit Relaxation Factors

      Variable                    Relaxation Factor   
      ---------------------------------------------
      Density                     1                   
      Body Forces                 1                   
      Turbulent Kinetic Energy    0.75                
      Specific Dissipation Rate   0.75                
      Turbulent Viscosity         1                   
      Explicit Momentum           0.5                 
      Explicit Pressure           0.5                 

   Linear Solver

      Variable                    Solver Type   Termination Criterion   Residual Reduction Tolerance   
      ----------------------------------------------------------------------------------------------
      Flow                        F-Cycle       0.1                                                    
      Turbulent Kinetic Energy    F-Cycle       0.1                                                    
      Specific Dissipation Rate   F-Cycle       0.1                                                    

   Pressure-Velocity Coupling

      Parameter                               Value     
      -----------------------------------------------
      Type                                    Coupled   
      Pseudo Time Method (Global Time Step)   yes       

   Discretization Scheme

      Variable                    Scheme                
      -----------------------------------------------
      Pressure                    Second Order          
      Momentum                    Second Order Upwind   
      Turbulent Kinetic Energy    Second Order Upwind   
      Specific Dissipation Rate   Second Order Upwind   

   Solution Limits

      Quantity                         Limit    
      ---------------------------------------
      Minimum Absolute Pressure        1        
      Maximum Absolute Pressure        5e+10    
      Minimum Temperature              1        
      Maximum Temperature              5000     
      Minimum Turb. Kinetic Energy     1e-14    
      Minimum Spec. Dissipation Rate   1e-20    
      Maximum Turb. Viscosity Ratio    100000   

</SolverSettings>

</FluentXMLReport>