﻿# 
# This file contains the parameter values of the Design Points successfully updated by Ansys Workbench.
# Project name: side_profile_sim
# Creation date: 08/27/2023 22:34:13
# 
# 08/27/2023 22:34:13
# The parameters defined in the project are:
# ,P12 - P3 [m],P11 - P2 [m],P10 - P1 [m],P4 - P1 [m],P5 - P2 [m],P6 - P3 [m],P7 - P1 [m],P8 - P2 [m],P9 - P3 [m],P13 - P1 [m],P14 - P2 [m],P15 - P3 [m]
# 
# The following header line defines the name of the columns by reference to the parameters.
Name,P12,P11,P10,P4,P5,P6,P7,P8,P9,P13,P14,P15
DP 0,0.26951524457141979,0.39904259477974197,0.29418712080157627,0.29418712080157627,0.5,0.26951524457141979,0.29418712080157627,0.39904259477974197,0.26951524457141979,0.29418712080157627,0.39904259477974197,0.26951524457141979
# 
# A non parametric change occurred and invalidated design point results.
# 08/27/2023 22:40:14
# 
# 
# A non parametric change occurred and invalidated design point results.
# 08/30/2023 16:47:16
# 
# 
# A non parametric change occurred and invalidated design point results.
# 10/21/2023 13:47:09
# 
